Name,Position,GS,GS/GP,GP,Total Mins,Total Points,MPG,PPG,FG %,Salaries
Malik Beasley,SG,14,0.194444444,72,1814.4,878,25.2,12.2,39.1,14491964
Saddiq Bey,SF,72,1,72,2433.6,1188,33.8,16.5,40,2824320
Mikal Bridges,SF,72,1,72,2541.6,1015,35.3,14.1,52.8,5557725
Terance Mann,SF,31,0.430555556,72,2088,763,29,10.6,47.7,1782621
Dwight Powell,C,61,0.847222222,72,1548,590,21.5,8.2,65.4,11080125
Franz Wagner,SF,72,1,72,2275.2,1101,31.6,15.3,46.4,5007840
Deni Avdija,SF,6,0.084507042,71,1661.4,539,23.4,7.6,42.6,4692840
Buddy Hield,SG,22,0.309859155,71,2158.4,1086,30.4,15.3,39.7,22768890
Jaren Jackson Jr.,PF,71,1,71,1938.3,1164,27.3,16.4,41.9,9180560
Kevon Looney,C,71,1,71,1540.7,447,21.7,6.3,56.6,5178572
Patty Mills,PG,46,0.647887324,71,2122.9,866,29.9,12.2,41.6,5890000
Russell Westbrook,PG,71,1,71,2449.5,1285,34.5,18.1,43.7,44211146
Chris Boucher,C,9,0.128571429,70,1456,644,20.8,9.2,47.3,7020000
Miles Bridges,PF,70,1,70,2513,1400,35.9,20,48.6,5421493
Alec Burks,PG,33,0.471428571,70,1939,770,27.7,11,37.9,9536000
Dorian Finney-Smith,SF,70,1,70,2324,749,33.2,10.7,46.1,4000000
Jalen Brunson,PG,51,0.739130435,69,2214.9,1104,32.1,16,50.4,1802057
Jordan Clarkson,PG,1,0.014492754,69,1849.2,1117,26.8,16.2,41.9,12420000
Bryn Forbes,SG,1,0.014492754,69,1207.5,627,17.5,9.1,42.9,4500000
Evan Fournier,SG,69,1,69,2049.3,993,29.7,14.4,42.5,17000000
Herbert Jones,PF,60,0.869565217,69,2070,669,30,9.7,49,1700000
Kenyon Martin Jr.,SF,2,0.028985507,69,1435.2,614,20.8,8.9,53.6,1517981
Julius Randle,PF,69,1,69,2449.5,1400,35.5,20.3,41.3,21780000
Duncan Robinson,SG,64,0.927536232,69,1828.5,779,26.5,11.3,40,15650000
Jayson Tatum,SF,69,1,69,2504.7,1863,36.3,27,44.7,28103500
Steven Adams,C,67,0.985294118,68,1802,482,26.5,7.1,55.1,17073171
Desmond Bane,SG,68,1,68,2040,1217,30,17.9,45.5,2033160
Harrison Barnes,PF,68,1,68,2305.2,1142,33.9,16.8,46.9,20284091
Kentavious Caldwell-Pope,SF,68,1,68,2046.8,850,30.1,12.5,41.9,13038862
Torrey Craig,SF,16,0.235294118,68,1400.8,448,20.6,6.6,45.4,4878049
Reggie Jackson,PG,68,1,68,2114.8,1156,31.1,17,39.5,10384500
Royce O'Neale,PF,68,1,68,2135.2,530,31.4,7.8,48.5,8800000
Naz Reid,C,5,0.073529412,68,1081.2,571,15.9,8.4,49.3,1782621
Jae'Sean Tate,SF,67,0.985294118,68,1802,816,26.5,12,50.4,1517981
Grant Williams,PF,17,0.25,68,1632,530,24,7.8,48.3,2617800
Darius Bazley,PF,51,0.76119403,67,1882.7,730,28.1,10.9,42.5,2513040
DeMar DeRozan,SF,67,1,67,2412,1855,36,27.7,50.6,26000000
Devonte' Graham,PG,59,0.880597015,67,1983.2,824,29.6,12.3,36,11000000
Jeff Green,PF,55,0.820895522,67,1654.9,690,24.7,10.3,51.9,4500000
Tyrese Haliburton,SG,67,1,67,2345,1005,35,15,46.7,4023600
Jaden McDaniels,PF,31,0.462686567,67,1748.7,629,26.1,9.4,45.9,2063280
Georges Niang,PF,7,0.104477612,67,1574.5,643,23.5,9.6,43.3,3300000
Immanuel Quickley,PG,2,0.029850746,67,1480.7,690,22.1,10.3,38.3,2210640
Juan Toscano-Anderson,SF,6,0.089552239,67,931.3,281,13.9,4.2,48.7,1701593
Ivica Zubac,C,67,1,67,1641.5,683,24.5,10.2,62.4,7518518
Aaron Gordon,PF,66,1,66,2065.8,950,31.3,14.4,51.2,16409091
Corey Kispert,SG,25,0.378787879,66,1445.4,508,21.9,7.7,45,3383640
Monte Morris,PG,65,0.984848485,66,1966.8,838,29.8,12.7,48.6,8449074
Karl-Anthony Towns,C,66,1,66,2211,1643,33.5,24.9,52.8,31650600
Derrick White,SG,50,0.757575758,66,1927.2,877,29.2,13.3,41.7,15178571
Ayo Dosunmu,PG,31,0.46969697,66,1782,567,27,8.6,52.2,925258
Keldon Johnson,SF,65,0.984848485,66,2085.6,1075,31.6,16.3,46.3,2145720
Kyle Kuzma,PF,66,1,66,2204.4,1128,33.4,17.1,45.2,13000000
Trey Lyles,C,14,0.212121212,66,1306.8,673,19.8,10.2,47.3,2500000
JaVale McGee,C,14,0.212121212,66,1036.2,627,15.7,9.5,63.9,5000000
Davion Mitchell,PG,10,0.151515152,66,1716,693,26,10.5,40.9,4603320
Malik Monk,SG,30,0.454545455,66,1821.6,851,27.6,12.9,46.7,1669178
Kelly Oubre Jr.,SG,13,0.196969697,66,1808.4,1036,27.4,15.7,43.5,12000000
Jonas Valanciunas,C,66,1,66,2019.6,1194,30.6,18.1,54.1,14000000
Delon Wright,SG,7,0.106060606,66,1207.8,290,18.3,4.4,45.5,8526316
LaMelo Ball,PG,65,1,65,2086.5,1274,32.1,19.6,42.2,8231760
Justin Holiday,SF,56,0.861538462,65,1859,689,28.6,10.6,39.9,6006420
Nikola Jokic,C,65,1,65,2151.5,1696,33.1,26.1,57,31579390
Tyus Jones,PG,16,0.246153846,65,1326,533,20.4,8.2,45,8376286
Jordan Poole,SG,40,0.615384615,65,1898,1124,29.2,17.3,45.7,2161440
Mitchell Robinson,C,56,0.861538462,65,1638,546,25.2,8.4,76.5,1802057
Jarred Vanderbilt,PF,58,0.892307692,65,1670.5,448,25.7,6.9,58.9,4050000
Lonnie Walker IV,SF,6,0.092307692,65,1508,793,23.2,12.2,40.8,4447896
Christian Wood,C,64,0.984615385,65,2015,1183,31,18.2,50.2,13666667
Trae Young,PG,65,1,65,2262,1813,34.8,27.9,45.5,8326471
Scottie Barnes,PF,64,1,64,2291.2,985,35.8,15.4,48.7,7280520
Bojan Bogdanovic,SF,64,1,64,1977.6,1158,30.9,18.1,45.8,18700000
Josh Christopher,SG,2,0.03125,64,1094.4,467,17.1,7.3,43.9,2259240
Stephen Curry,PG,64,1,64,2208,1632,34.5,25.5,43.7,45780966
Kevin Love,PF,3,0.046875,64,1427.2,870,22.3,13.6,42.4,31258256
Tyrese Maxey,PG,63,0.984375,64,2278.4,1113,35.6,17.4,48.5,2602920
Evan Mobley,PF,64,1,64,2188.8,972,34.2,15.2,50.6,8075160
Alperen Sengun,C,8,0.125,64,1254.4,582,19.6,9.1,47.1,3214680
P.J. Tucker,PF,63,0.984375,64,1792,499,28,7.8,48.4,7000000
Precious Achiuwa,C,27,0.428571429,63,1493.1,554,23.7,8.8,43.9,2711280
Carmelo Anthony,PF,3,0.047619048,63,1656.9,850,26.3,13.5,44.4,1669178
Bruce Brown,SF,36,0.571428571,63,1486.8,516,23.6,8.2,49.4,4736102
Facundo Campazzo,PG,4,0.063492063,63,1171.8,327,18.6,5.2,36.4,3200000
Clint Capela,C,62,0.984126984,63,1751.4,686,27.8,10.9,60.4,18603448
Mike Conley,PG,63,1,63,1776.6,850,28.2,13.5,42.5,21000000
Andre Drummond,C,26,0.412698413,63,1203.3,459,19.1,7.3,56.4,1669178
Anthony Edwards,SF,63,1,63,2167.2,1329,34.4,21.1,43.3,10245480
Al Horford,PF,63,1,63,1820.7,630,28.9,10,45.1,27000000
Kevin Huerter,SG,49,0.777777778,63,1845.9,730,29.3,11.6,44.8,4253357
De'Anthony Melton,SG,13,0.206349206,63,1411.2,623,22.4,9.9,38.9,8805976
Dejounte Murray,PG,63,1,63,2186.1,1310,34.7,20.8,46,15428880
Mason Plumlee,C,63,1,63,1575,415,25,6.6,63.7,9248333
Terry Rozier,SG,63,1,63,2142,1234,34,19.6,44.6,17905263
Devin Vassell,SG,24,0.380952381,63,1688.4,743,26.8,11.8,42.6,4235160
Nikola Vucevic,C,63,1,63,2110.5,1134,33.5,18,47.3,24000000
Andrew Wiggins,SF,63,1,63,2003.4,1083,31.8,17.2,46.9,31579390
Daniel Gafford,C,51,0.822580645,62,1252.4,570,20.2,9.2,68.9,1782621
Tobias Harris,PF,62,1,62,2170,1091,35,17.6,48,35995950
Bobby Portis,C,57,0.919354839,62,1785.6,936,28.8,15.1,48,4347600
Payton Pritchard,PG,2,0.032258065,62,830.8,353,13.4,5.7,42,2137440
Will Barton,SG,62,1,62,1965.4,905,31.7,14.6,43.4,15625000
Nemanja Bjelica,PF,0,0,62,973.4,365,15.7,5.9,45.5,1669178
Robert Covington,PF,40,0.64516129,62,1729.8,489,27.9,7.9,39.8,12975471
Montrezl Harrell,C,3,0.048387097,62,1488,855,24,13.8,63.9,9720900
Luke Kennard,SG,11,0.177419355,62,1705,725,27.5,11.7,44.6,13347727
John Konchar,SG,6,0.096774194,62,1109.8,279,17.9,4.5,50,2200000
Raul Neto,PG,18,0.290322581,62,1289.6,489,20.8,7.9,45.4,1669178
Domantas Sabonis,PF,61,0.983870968,62,2139,1171,34.5,18.9,57.3,19800000
Marcus Smart,PG,62,1,62,2027.4,750,32.7,12.1,41.9,14339285
Gary Trent Jr.,SG,61,0.983870968,62,2157.6,1116,34.8,18,40.7,16000000
Gabe Vincent,PG,26,0.419354839,62,1481.8,551,23.9,8.9,41.4,1669178
Mo Bamba,C,59,0.967213115,61,1579.9,628,25.9,10.3,47.8,7568743
Devin Booker,SG,61,1,61,2092.3,1579,34.3,25.9,45.9,31650600
Drew Eubanks,C,21,0.344262295,61,921.1,366,15.1,6,56.5,1762796
Cody Martin,SG,11,0.180327869,61,1628.7,481,26.7,7.9,47.2,1782621
Taurean Prince,PF,8,0.131147541,61,1012.6,427,16.6,7,45.5,13000000
Dennis Schroder,PG,29,0.475409836,61,1762.9,829,28.9,13.6,42.9,5890000
Isaiah Stewart,C,61,1,61,1573.8,500,25.8,8.2,51.3,3277080
Obi Toppin,PF,2,0.032786885,61,902.8,439,14.8,7.2,50.9,5105160
Nickeil Alexander-Walker,SG,21,0.35,60,1428,678,23.8,11.3,37.1,3261480
Dalano Banton,PG,1,0.016666667,60,678,198,11.3,3.3,40.2,925258
R.J. Barrett,SF,60,1,60,2058,1176,34.3,19.6,41.1,8623920
Wendell Carter Jr.,PF,59,0.983333333,60,1788,900,29.8,15,52.4,6920027
Amir Coffey,SG,26,0.433333333,60,1410,522,23.5,8.7,43.7,153488
Jae Crowder,PF,60,1,60,1692,576,28.2,9.6,40.4,9720900
Dewayne Dedmon,C,15,0.25,60,960,372,16,6.2,56.2,1669178
Gary Harris,SG,30,0.5,60,1710,672,28.5,11.2,43.5,20482143
Jaxson Hayes,C,18,0.3,60,1158,546,19.3,9.1,63.3,5348280
Cameron Johnson,SF,13,0.216666667,60,1578,768,26.3,12.8,47.5,4437000
Cory Joseph,SG,34,0.566666667,60,1500,480,25,8,44.8,4910000
Chuma Okeke,PF,12,0.2,60,1458,504,24.3,8.4,38,3277080
Gary Payton II,PG,14,0.233333333,60,1026,426,17.1,7.1,61.2,1669178
Jakob Poeltl,C,59,0.983333333,60,1746,810,29.1,13.5,61.5,8750000
Terrence Ross,SG,0,0,60,1392,606,23.2,10.1,39.7,12500000
Cameron Thomas,SG,2,0.033333333,60,1098,540,18.3,9,43.8,2036280
Grayson Allen,SG,58,0.983050847,59,1622.5,660,27.5,11.2,43.4,4054695
Kyle Anderson,SF,8,0.13559322,59,1262.6,430,21.4,7.3,43.6,9937150
Oshae Brissett,SF,17,0.288135593,59,1298,477,22,8.1,40.5,1701593
Troy Brown Jr.,SF,6,0.101694915,59,967.6,247,16.4,4.2,40.9,5170564
Danilo Gallinari,PF,13,0.220338983,59,1457.3,660,24.7,11.2,42.5,20475000
JaMychal Green,C,7,0.118644068,59,955.8,395,16.2,6.7,48.8,8200000
Isaiah Hartenstein,C,0,0,59,1003,454,17,7.7,63.2,1669178
Tre Jones,PG,6,0.101694915,59,896.8,312,15.2,5.3,48.3,1517981
Furkan Korkmaz,SG,19,0.322033898,59,1327.5,489,22.5,8.3,39.4,4629630
Jonathan Kuminga,PF,8,0.13559322,59,973.5,536,16.5,9.1,51.1,5466360
Khris Middleton,SF,59,1,59,1911.6,1203,32.4,20.4,44.7,35500000
Donovan Mitchell,SG,59,1,59,1988.3,1534,33.7,26,45.1,28103500
Max Strus,SG,10,0.169491525,59,1362.9,619,23.1,10.5,43.5,1669178
Hassan Whiteside,C,8,0.13559322,59,1073.8,477,18.2,8.1,65.1,1669178
Robert Williams III,C,59,1,59,1758.2,584,29.8,9.9,73.2,3661976
Giannis Antetokounmpo,PF,59,1,59,1941.1,1758,32.9,29.8,54.7,39344970
De'Aaron Fox,PG,59,1,59,2082.7,1368,35.3,23.2,47.3,28103550
Tyler Herro,PG,10,0.169491525,59,1923.4,1233,32.6,20.9,44.4,4004280
Nah'Shon Hyland,PG,3,0.050847458,59,1085.6,554,18.4,9.4,39,2096880
Landry Shamet,SG,11,0.186440678,59,1221.3,472,20.7,8,38.2,3768342
Pascal Siakam,PF,59,1,59,2224.3,1298,37.7,22,48.8,33003936
Cole Anthony,PG,58,1,58,1890.8,986,32.6,17,39.2,3449400
Avery Bradley,PG,42,0.724137931,58,1310.8,371,22.6,6.4,41.4,1669178
Jaylen Brown,SG,58,1,58,1960.4,1345,33.8,23.2,46.4,26758928
Reggie Bullock,SG,27,0.465517241,58,1566,487,27,8.4,39.9,9536000
Seth Curry,SG,58,1,58,1960.4,875,33.8,15.1,48.7,8207518
Hamidou Diallo,SF,29,0.5,58,1270.2,638,21.9,11,49.6,5200000
Spencer Dinwiddie,PG,50,0.862068966,58,1763.2,800,30.4,13.8,40.6,17142857
Joel Embiid,C,58,1,58,1937.2,1728,33.4,29.8,48.7,31579390
Darius Garland,PG,58,1,58,2064.8,1241,35.6,21.4,46.7,7040880
Jrue Holiday,PG,55,0.948275862,58,1925.6,1067,33.2,18.4,50.1,32413333
Zach LaVine,SG,58,1,58,2012.6,1426,34.7,24.6,48,19500000
Tre Mann,PG,24,0.413793103,58,1305,591,22.5,10.2,39,2901240
Cedi Osman,SF,3,0.051724138,58,1322.4,638,22.8,11,42.4,8133334
Chris Paul,PG,58,1,58,1914,864,33,14.9,48.7,30000000
D'Angelo Russell,PG,58,1,58,1861.8,1073,32.1,18.5,41.5,30013500
Fred VanVleet,PG,58,1,58,2215.6,1218,38.2,21,40.9,19675926
Jevon Carter,PG,1,0.01754386,57,758.1,228,13.3,4,36.3,441277
Brandon Clarke,PF,1,0.01754386,57,1105.8,581,19.4,10.2,64.8,2726880
Rudy Gobert,C,57,1,57,1818.3,877,31.9,15.4,71.2,35344828
Jalen Green,SG,57,1,57,1778.4,894,31.2,15.7,41.3,8992200
Josh Green,SG,3,0.052631579,57,872.1,267,15.3,4.7,50.2,2957520
Aaron Holiday,PG,14,0.245614035,57,940.5,370,16.5,6.5,46.7,3980551
Isaac Okoro,SG,51,0.894736842,57,1687.2,524,29.6,9.2,47.4,6720720
Austin Rivers,PG,16,0.280701754,57,1248.3,359,21.9,6.3,42.1,1669178
Anfernee Simons,SG,30,0.526315789,57,1681.5,986,29.5,17.3,44.3,3938818
Jarrett Allen,C,56,1,56,1808.8,901,32.3,16.1,67.7,20000000
DeAndre' Bembry,SF,20,0.357142857,56,1024.8,285,18.3,5.1,56.1,518021
Cade Cunningham,SG,56,1,56,1831.2,957,32.7,17.1,40.8,10050120
Luka Doncic,PG,56,1,56,1993.6,1562,35.6,27.9,45.3,10174391
Shai Gilgeous-Alexander,SG,56,1,56,1943.2,1372,34.7,24.5,45.3,5495532
Killian Hayes,PG,35,0.625,56,1372,341,24.5,6.1,36,5572680
James Johnson,PF,10,0.178571429,56,1092,330,19.5,5.9,47.6,1669178
Ja Morant,PG,56,1,56,1864.8,1545,33.3,27.6,49.3,9603360
Jusuf Nurkic,C,56,1,56,1579.2,840,28.2,15,53.5,12000000
Aleksej Pokusevski,PF,7,0.125,56,1064,397,19,7.1,40.5,3113160
Otto Porter Jr.,SF,15,0.267857143,56,1209.6,459,21.6,8.2,46.2,1669178
Garrett Temple,SF,16,0.285714286,56,1058.4,302,18.9,5.4,38.3,4910000
Matisse Thybulle,SF,41,0.732142857,56,1444.8,330,25.8,5.9,49.4,2840160
Pat Connaughton,SF,18,0.327272727,55,1479.5,555,26.9,10.1,46.7,5333334
Chris Duarte,SG,39,0.709090909,55,1540,720,28,13.1,43.2,3749400
Trent Forrest,SG,5,0.090909091,55,698.5,181,12.7,3.3,48.9,470690
Eric Gordon,SG,44,0.8,55,1622.5,759,29.5,13.8,47.7,18218818
Jordan Nwora,SF,11,0.2,55,1056,423,19.2,7.7,40.8,1517981
P.J. Washington,PF,18,0.327272727,55,1468.5,561,26.7,10.2,45.8,4215120
James Harden,PG,55,1,55,2046,1237,37.2,22.5,41.6,44310840
Kyle Lowry,PG,55,1,55,1881,704,34.2,12.8,42.3,26894128
Garrison Mathews,SF,25,0.454545455,55,1463,577,26.6,10.5,40.8,2000000
Josh Richardson,SG,5,0.090909091,55,1336.5,533,24.3,9.7,43.6,11615328
Eric Bledsoe,SG,29,0.537037037,54,1360.8,534,25.2,9.9,42.1,18125000
John Collins,PF,53,0.981481481,54,1663.2,874,30.8,16.2,52.6,23000000
Josh Giddey,PG,54,1,54,1701,675,31.5,12.5,41.9,5988000
Javonte Green,PF,42,0.777777778,54,1306.8,399,24.2,7.4,54.3,1669178
Blake Griffin,C,24,0.444444444,54,939.6,351,17.4,6.5,42.3,1669178
R.J. Hampton,PG,6,0.111111111,54,1117.8,388,20.7,7.2,38.4,2303040
Josh Hart,SG,53,0.981481481,54,1792.8,804,33.2,14.9,50.4,12000000
LeBron James,SF,54,1,54,2003.4,1620,37.1,30,52.3,41180544
Damion Lee,SG,4,0.074074074,54,1069.2,405,19.8,7.5,44.9,1910860
Caleb Martin,SF,10,0.185185185,54,1236.6,513,22.9,9.5,51.6,1782621
Jaylen Nowell,SG,1,0.018518519,54,837,442,15.5,8.2,47.9,1782621
Ish Smith,PG,1,0.018518519,54,874.8,302,16.2,5.6,41.5,4500000
Bogdan Bogdanovic,SG,27,0.509433962,53,1563.5,763,29.5,14.4,42.8,18000000
Maxi Kleber,PF,21,0.396226415,53,1314.4,376,24.8,7.1,40,8975000
Jordan McLaughlin,PG,3,0.056603774,53,731.4,169,13.8,3.2,39,2000000
Ben McLemore,SG,6,0.113207547,53,1007,477,19,9,37.5,1669178
Austin Reaves,SG,13,0.245283019,53,1203.1,360,22.7,6.8,47.1,925258
Lamar Stevens,SG,13,0.245283019,53,784.4,286,14.8,5.4,49.2,1517981
Moe Wagner,C,1,0.018867925,53,726.1,450,13.7,8.5,49.8,1729217
Nicolas Batum,PF,47,0.903846154,52,1289.6,431,24.8,8.3,45.5,3170029
Talen Horton-Tucker,SF,16,0.307692308,52,1326,488,25.5,9.4,40.9,9500000
CJ McCollum,SG,52,1,52,1830.4,1159,35.2,22.3,45.9,30864198
Trey Murphy III,SF,0,0,52,681.2,239,13.1,4.6,37.6,3053760
Svi Mykhailiuk,SF,5,0.096153846,52,696.8,244,13.4,4.7,39.3,1729217
Frank Ntilikina,PG,5,0.096153846,52,639.6,218,12.3,4.2,38.4,1669178
Ziaire Williams,SF,27,0.519230769,52,1118,405,21.5,7.8,45.9,4373040
Deandre Ayton,C,51,1,51,1494.3,867,29.3,17,64.6,12632950
Keita Bates-Diop,SF,13,0.254901961,51,821.1,270,16.1,5.3,50.9,1729217
Patrick Beverley,PG,47,0.921568627,51,1300.5,474,25.5,9.3,40.7,14320988
Luguentz Dort,SF,51,1,51,1662.6,877,32.6,17.2,40.4,1782621
Danny Green,SF,25,0.490196078,51,1122,295,22,5.8,38.6,10000000
Dwight Howard,C,18,0.352941176,51,759.9,265,14.9,5.2,60.1,1669178
Lauri Markkanen,SF,51,1,51,1586.1,734,31.1,14.4,44,15690909
Doug McDermott,SF,51,1,51,1224,576,24,11.3,46.2,13750000
Chimezie Metu,PF,20,0.392156863,51,1065.9,438,20.9,8.6,44.4,1762796
Eric Paschall,PF,1,0.019607843,51,652.8,290,12.8,5.7,48.3,1782621
Kevin Porter,PG,51,1,51,1555.5,714,30.5,14,39.9,2130240
Dean Wade,PF,28,0.549019608,51,979.2,270,19.2,5.3,45.6,1782621
Coby White,PG,16,0.31372549,51,1417.8,673,27.8,13.2,44.5,5837760
Lou Williams,SG,0,0,51,734.4,331,14.4,6.5,39.9,5000000
Tony Bradley,C,7,0.14,50,520,145,10.4,2.9,57.7,1669178
Brandon Ingram,SF,50,1,50,1710,1140,34.2,22.8,46.2,29467800
Isaiah Joe,SG,1,0.02,50,560,175,11.2,3.5,34.6,1517981
Cameron Payne,PG,10,0.2,50,1120,560,22.4,11.2,40.8,6500000
Omer Yurtseven,C,11,0.22,50,630,280,12.6,5.6,54,1489065
Brandon Boston Jr.,SG,0,0,49,705.6,318,14.4,6.5,37.3,925258
Jimmy Butler,SF,49,1,49,1651.3,1043,33.7,21.3,46.9,36016200
Serge Ibaka,PF,11,0.224489796,49,798.7,328,16.3,6.7,48.5,9720900
Cam Reddish,SF,7,0.142857143,49,1014.3,494,20.7,10.1,40.4,4670160
Tony Snell,SF,12,0.244897959,49,774.2,166,15.8,3.4,39.2,1669178
Kenrich Williams,SG,0,0,49,1073.1,362,21.9,7.4,46.1,2000000
Davis Bertans,SF,0,0,48,691.2,259,14.4,5.4,33.9,16000000
Armoni Brooks,PG,9,0.1875,48,758.4,268,15.8,5.6,34.3,1489065
Rudy Gay,SF,1,0.020833333,48,912,393,19,8.2,41,5890000
Gordon Hayward,SF,48,1,48,1545.6,772,32.2,16.1,46,29925000
Ty Jerome,SG,4,0.083333333,48,801.6,340,16.7,7.1,37.8,2412840
Caris LeVert,SG,40,0.833333333,48,1459.2,840,30.4,17.5,44.1,17500000
Bam Adebayo,C,47,1,47,1546.3,893,32.9,19,54.7,28103500
Sterling Brown,SG,3,0.063829787,47,596.9,155,12.7,3.3,38.1,3000000
CJ Elleby,SF,17,0.361702128,47,855.4,249,18.2,5.3,40.7,1517981
Maurice Harkless,SF,24,0.510638298,47,864.8,216,18.4,4.6,45.9,4347600
Rodney Hood,SF,0,0,47,653.3,145,13.9,3.1,35.6,1669178
Damian Jones,C,6,0.127659574,47,747.3,300,15.9,6.4,62.9,1977011
Jeremy Lamb,SG,0,0,47,775.5,343,16.5,7.3,37.2,10500000
Marcus Morris,PF,47,1,47,1377.1,752,29.3,16,44.1,15627907
Justise Winslow,SF,10,0.212765957,47,766.1,272,16.3,5.8,43.7,3902439
Khem Birch,C,21,0.456521739,46,860.2,216,18.7,4.7,47.7,6350000
Jock Landale,C,1,0.02173913,46,492.2,230,10.7,5,51.4,925258
Elfrid Payton,PG,1,0.02173913,46,515.2,138,11.2,3,38.4,1669178
Nick Richards,C,5,0.108695652,46,354.2,142,7.7,3.1,67.1,1517981
Jalen Suggs,SG,43,0.934782609,46,1274.2,556,27.7,12.1,36.1,6593040
Tristan Thompson,C,5,0.108695652,46,726.8,285,15.8,6.2,52.5,1000000
LaMarcus Aldridge,C,12,0.266666667,45,1026,607,22.8,13.5,55.4,1669178
D.J. Augustin,PG,2,0.044444444,45,697.5,251,15.5,5.6,43.7,393312
Kevin Durant,PF,45,1,45,1647,1332,36.6,29.6,52.6,42018900
Jerami Grant,PF,45,1,45,1471.5,877,32.7,19.5,42.4,20002500
Richaun Holmes,C,37,0.822222222,45,1075.5,468,23.9,10.4,66,10384500
Joe Ingles,SG,15,0.333333333,45,1120.5,324,24.9,7.2,40.4,13036364
Josh Jackson,SF,3,0.066666667,45,724.5,279,16.1,6.2,40,5005350
Derrick Jones Jr.,SF,8,0.177777778,45,801,251,17.8,5.6,54.4,9720900
Romeo Langford,SG,5,0.111111111,45,742.5,216,16.5,4.8,43.6,3804360
Theo Maledon,PG,2,0.044444444,45,706.5,238,15.7,5.3,33.2,2000000
Naji Marshall,SF,3,0.066666667,45,576,247,12.8,5.5,40.5,1517981
Jalen McDaniels,PF,2,0.044444444,45,760.5,274,16.9,6.1,46.8,1782621
Moses Moody,SG,9,0.2,45,531,198,11.8,4.4,43.1,3562200
Aaron Nesmith,SF,2,0.044444444,45,472.5,153,10.5,3.4,36.6,3631200
David Nwaba,SF,4,0.088888889,45,594,229,13.2,5.1,48.3,4650000
Jalen Smith,C,7,0.155555556,45,778.5,391,17.3,8.7,51.4,4458000
Xavier Tillman,PF,0,0,45,540,193,12,4.3,46.6,1517981
Trendon Watford,PF,7,0.155555556,45,783,319,17.4,7.1,52.8,436482
Jose Alvarado,PG,1,0.022727273,44,646.8,246,14.7,5.6,42.4,1500000
Taj Gibson,C,4,0.090909091,44,787.6,176,17.9,4,53.9,4910000
George Hill,PG,16,0.363636364,44,1078,294,24.5,6.7,43.5,4000000
Jeremiah Robinson-Earl,C,36,0.818181818,44,1012,312,23,7.1,40.1,2000000
Tomas Satoransky,SG,3,0.068181818,44,660,145,15,3.3,35.5,10000000
Aaron Wiggins,SF,30,0.681818182,44,1034,334,23.5,7.6,46.1,1000000
Goga Bitadze,C,10,0.227272727,44,567.6,264,12.9,6,51.5,3098400
Frank Jackson,PG,5,0.113636364,44,981.2,470,22.3,10.7,40.9,3000000
Rodney McGruder,SG,2,0.045454545,44,611.6,211,13.9,4.8,43.6,1669178
Shake Milton,SG,6,0.136363636,44,950.4,360,21.6,8.2,41.9,1846738
Marvin Bagley III,PF,22,0.511627907,43,1001.9,455,23.3,10.6,49.2,11312114
Willy Hernangomez,C,6,0.139534884,43,705.2,391,16.4,9.1,53.8,2327220
De'Andre Hunter,SF,42,0.976744186,43,1285.7,580,29.9,13.5,44.9,7775400
Timothe Luwawu-Cabarrot,SF,12,0.279069767,43,494.5,167,11.5,3.9,39.4,1669178
Mike Muscala,PF,0,0,43,593.4,344,13.8,8,45.6,3365385
Norman Powell,SF,41,0.953488372,43,1414.7,808,32.9,18.8,45.7,15517241
Thanasis Antetokounmpo,PF,5,0.119047619,42,390.6,121,9.3,2.9,52,1669178
OG Anunoby,SF,42,1,42,1541.4,735,36.7,17.5,43.6,16071429
Tim Hardaway Jr.,SG,20,0.476190476,42,1243.2,596,29.6,14.2,39.4,21308816
Nassir Little,SF,23,0.547619048,42,1087.8,411,25.9,9.8,46,2316240
Josh Okogie,SF,6,0.142857143,42,457.8,105,10.9,2.5,36.4,4087904
Kristaps Porzingis,PF,42,1,42,1213.8,819,28.9,19.5,45.6,31650600
Myles Turner,C,42,1,42,1234.8,541,29.4,12.9,50.9,18000000
Dylan Windler,SG,0,0,42,378,96,9,2.3,39.8,2239200
Thaddeus Young,PF,1,0.023809524,42,651,247,15.5,5.9,52.4,14190000
Gorgui Dieng,C,3,0.073170732,41,356.7,147,8.7,3.6,48.6,4000000
Quentin Grimes,SG,6,0.146341463,41,729.8,258,17.8,6.3,41.4,2168760
Bradley Beal,SG,40,1,40,1440,928,36,23.2,45.1,33724200
Wayne Ellington,SG,9,0.225,40,744,252,18.6,6.3,40.8,1669178
Malachi Flynn,PG,5,0.125,40,480,172,12,4.3,40.7,2048040
DeAndre Jordan,C,19,0.475,40,520,160,13,4,61.9,374126
Wesley Matthews,SG,6,0.15,40,784,192,19.6,4.8,38.4,1237494
Zeke Nnaji,PF,1,0.025,40,672,264,16.8,6.6,53.7,2498760
Joshua Primo,SF,6,0.15,40,704,208,17.6,5.2,36.9,3946800
Matt Thomas,SG,0,0,40,460,160,11.5,4,41,1669178
Ishmail Wainright,SF,0,0,40,288,68,7.2,1.7,34.2,375000
Duane Washington Jr.,PG,7,0.175,40,800,388,20,9.7,40.1,462629
Derrick Favors,C,18,0.461538462,39,651.3,206,16.7,5.3,51.6,9720900
Davon Reed,SG,5,0.128205128,39,534.3,167,13.7,4.3,49.6,286164
Greg Brown,SF,0,0,38,414.2,144,10.9,3.8,41.3,925258
Trey Burke,PG,0,0,38,414.2,205,10.9,5.4,39.9,3150000
DeMarcus Cousins,C,6,0.157894737,38,596.6,349,15.7,9.2,44.1,431684
Kessler Edwards,SF,20,0.526315789,38,817,231,21.5,6.1,41.1,462629
Stanley Johnson,SF,21,0.552631579,38,817,235,21.5,6.2,47.1,888616
Daniel Theis,C,21,0.552631579,38,744.8,277,19.6,7.3,49.5,8280351
Kent Bazemore,SF,14,0.378378378,37,518,133,14,3.6,33.6,1669178
Nicolas Claxton,C,19,0.513513514,37,765.9,321,20.7,8.7,65.1,1782621
Anthony Davis,C,37,1,37,1295,854,35,23.1,53.7,35361360
Draymond Green,PF,35,0.945945946,37,1080.4,281,29.2,7.6,52.9,24026712
Larry Nance Jr.,PF,11,0.297297297,37,858.4,255,23.2,6.9,51.5,10690909
Onyeka Okongwu,C,6,0.162162162,37,765.9,325,20.7,8.8,69.9,6104280
Dennis Smith Jr.,PG,4,0.108108108,37,636.4,207,17.2,5.6,41.8,1789256
Kemba Walker,PG,37,1,37,947.2,429,25.6,11.6,40.3,8729020
Danuel House Jr.,SF,5,0.138888889,36,583.2,201,16.2,5.6,40.9,565986
Sandro Mamukelashvili,PF,2,0.055555556,36,327.6,111,9.1,3.1,47.7,462629
Killian Tillie,PF,3,0.083333333,36,460.8,118,12.8,3.3,33.9,1901625
Malcolm Brogdon,PG,36,1,36,1206,687,33.5,19.1,44.8,21700000
Jared Butler,PG,1,0.027777778,36,288,133,8,3.7,41.8,925258
Lance Stephenson,SG,1,0.027777778,36,651.6,280,18.1,7.8,44.9,642729
Lonzo Ball,PG,35,1,35,1211,455,34.6,13,42.3,18604651
Iggy Brazdeikis,SF,0,0,35,322,112,9.2,3.2,41.2,898310
Justin Champagnie,SF,0,0,35,273,77,7.8,2.2,46.2,462629
Enes Freedom,C,1,0.028571429,35,409.5,129,11.7,3.7,52.6,1669178
Alex Len,C,10,0.285714286,35,574,213,16.4,6.1,52.5,3732000
Isaiah Roby,C,18,0.514285714,35,651,283,18.6,8.1,50,1782621
Rajon Rondo,PG,1,0.028571429,35,633.5,171,18.1,4.9,38.2,1669178
Gary Clark,SF,1,0.029411765,34,329.8,85,9.7,2.5,35.5,377645
Anthony Gill,PF,0,0,34,275.4,112,8.1,3.3,60,1517981
Nathan Knight,PF,2,0.058823529,34,241.4,115,7.1,3.4,49.3,462629
Saben Lee,PG,0,0,34,520.2,173,15.3,5.1,38.7,1489065
Kelly Olynyk,PF,1,0.029411765,34,649.4,302,19.1,8.9,43.1,12195122
Ricky Rubio,PG,8,0.235294118,34,969,445,28.5,13.1,36.3,17800000
Alex Caruso,SG,10,0.303030303,33,914.1,267,27.7,8.1,41.7,8650651
Donte DiVincenzo,SG,1,0.03030303,33,745.8,267,22.6,8.1,33.7,4675830
Yuta Watanabe,SF,4,0.121212121,33,409.2,148,12.4,4.5,42.3,1762796
Jarrett Culver,SG,0,0,32,275.2,108,8.6,3.4,39.8,6395160
Paul Millsap,PF,1,0.03125,32,364.8,115,11.4,3.6,39.5,1669178
Paul Reed,SF,2,0.0625,32,246.4,67,7.7,2.1,45.6,1517981
Day'Ron Sharpe,C,8,0.25,32,390.4,198,12.2,6.2,57.7,2009040
Moses Brown,C,1,0.032258065,31,198.4,96,6.4,3.1,52.4,1701593
Chris Chiozza,PG,1,0.032258065,31,337.9,62,10.9,2,30.1,1576305
Luka Garza,C,5,0.161290323,31,356.5,167,11.5,5.4,45,925258
Rui Hachimura,PF,2,0.064516129,31,626.2,316,20.2,10.2,49.6,4916160
Juancho Hernangomez,PF,4,0.129032258,31,257.3,52,8.3,1.7,26.8,6907815
Miles McBride,PG,2,0.064516129,31,266.6,55,8.6,1.8,27,925258
Admiral Schofield,SG,1,0.032258065,31,331.7,102,10.7,3.3,45.3,1517981
Leandro Bolmaro,SG,2,0.066666667,30,210,36,7,1.2,28.6,2353320
Terence Davis,SF,11,0.366666667,30,537,312,17.9,10.4,42.3,4000000
Isaiah Jackson,PF,12,0.4,30,408,231,13.6,7.7,55.9,2451240
Kelan Martin,SG,1,0.033333333,30,450,171,15,5.7,40.9,1701593
Jericho Sims,C,0,0,30,303,42,10.1,1.4,66.7,0
Brandon Goodwin,PG,5,0.172413793,29,440.8,145,15.2,5,41.4,1701593
Markus Howard,PG,0,0,29,147.9,101,5.1,3.5,37.8,535294
Jake Layman,SF,1,0.034482759,29,200.1,60,6.9,2.1,38.3,3940185
Damian Lillard,PG,29,1,29,1055.6,696,36.4,24,40.2,39344900
Robin Lopez,C,9,0.310344828,29,501.7,220,17.3,7.6,56.5,5000000
Bismack Biyombo,C,3,0.107142857,28,389.2,165,13.9,5.9,60.4,863368
James Bouknight,SG,0,0,28,296.8,140,10.6,5,35.3,4154400
Semi Ojeleye,PF,0,0,28,392,95,14,3.4,31.9,1669178
JT Thor,PF,0,0,28,246.4,64,8.8,2.3,44.4,1250000
Santi Aldama,PF,0,0,27,278.1,89,10.3,3.3,38.1,1994520
Elijah Hughes,SG,3,0.111111111,27,270,81,10,3,32.6,1517981
Keifer Sykes,PG,10,0.37037037,27,477.9,151,17.7,5.6,35.2,558345
Cody Zeller,C,0,0,27,353.7,140,13.1,5.2,56.7,2389641
Paul George,SF,26,1,26,923,642,35.5,24.7,42.1,39344900
Andre Iguodala,SG,0,0,26,517.4,106,19.9,4.1,39.2,1669178
Ed Davis,PF,3,0.115384615,26,184.6,28,7.1,1.1,68.8,1669178
Bruno Fernando,PF,0,0,26,106.6,54,4.1,2.1,62.2,1782621
Keon Johnson,SG,2,0.076923077,26,371.8,130,14.3,5,32.1,2553120
Derrick Rose,PG,4,0.153846154,26,637,312,24.5,12,44.5,13445120
Dillon Brooks,SF,24,0.96,25,687.5,442,27.5,17.7,42.1,12200000
Marquese Chriss,SF,0,0,25,280,127,11.2,5.1,47.3,958529
Kevin Knox II,SF,0,0,25,187.5,65,7.5,2.6,32.8,5845979
Skylar Mays,SG,5,0.2,25,210,80,8.4,3.2,51.6,50000
Nerlens Noel,C,11,0.44,25,562.5,85,22.5,3.4,53.3,8000000
Justin Robinson,PG,0,0,25,305,77,12.2,3.1,30.1,1399637
Klay Thompson,SG,25,1,25,695,452,27.8,18.1,41.2,37980720
Kira Lewis Jr.,PG,0,0,24,340.8,141,14.2,5.9,40.4,3822240
T.J. McConnell,PG,6,0.25,24,580.8,201,24.2,8.4,50.3,7500000
Kevin Pangos,PG,3,0.125,24,165.6,38,6.9,1.6,32.6,1669178
Denzel Valentine,SG,0,0,24,223.2,69,9.3,2.9,37.9,1939350
Charles Bassey,C,0,0,23,167.9,69,7.3,3,63.8,925258
Alize Johnson,PF,0,0,23,167.9,41,7.3,1.8,43.6,705598
Terry Taylor,SF,3,0.130434783,23,425.5,200,18.5,8.7,64.4,342984
Brad Wanamaker,PG,2,0.086956522,23,319.7,82,13.9,3.6,36.4,705598
Trevor Ariza,SF,10,0.454545455,22,415.8,83,18.9,3.8,34.1,1669178
Thomas Bryant,C,9,0.409090909,22,385,184,17.5,8.4,52.9,8666667
Joe Wieskamp,SG,0,0,22,132,50,6,2.3,43.6,202068
David Duke,PG,7,0.333333333,21,340.2,105,16.2,5,36.1,462629
KZ Okpala,SF,0,0,21,243.6,77,11.6,3.7,43.5,1782621
Keljin Blevins,SG,1,0.05,20,166,50,8.3,2.5,39.1,449115
Charlie Brown,SG,2,0.1,20,174,30,8.7,1.5,25.6,217844
Willie Cauley-Stein,C,2,0.1,20,184,34,9.2,1.7,45.7,4100000
Vit Krejci,PG,0,0,20,352,88,17.6,4.4,43.1,925258
Tyler Cook,PF,2,0.105263158,19,195.7,64,10.3,3.4,61.1,1701593
Kyle Guy,SG,0,0,19,186.2,74,9.8,3.9,40,383079
Sam Hauser,SF,0,0,19,87.4,32,4.6,1.7,40.7,313737
Kyrie Irving,PG,19,1,19,685.9,526,36.1,27.7,49,35328700
Kai Jones,PF,0,0,19,58.9,20,3.1,1.1,61.5,2770560
Jahmi'us Ramsey,SG,0,0,19,134.9,60,7.1,3.2,41.4,1517981
Zach Collins,PF,2,0.111111111,18,293.4,109,16.3,6.1,43.8,7000000
PJ Dozier,SG,0,0,18,340.2,97,18.9,5.4,36.4,1910860
Boban Marjanovic,C,0,0,18,100.8,81,5.6,4.5,62.1,3500000
Jay Scrubb,SG,0,0,18,120.6,48,6.7,2.7,39.1,449115
Udoka Azubuike,C,6,0.352941176,17,195.5,79,11.5,4.7,75.5,2075880
Goran Dragic,PG,8,0.470588235,17,397.8,129,23.4,7.6,37.6,460463
Malcolm Hill,SG,0,0,17,197.2,69,11.6,4.1,46.9,324373
Jalen Johnson,SF,0,0,17,69.7,28,4.1,1.7,50,2659580
Alfonzo McKinnie,SF,3,0.176470588,17,205.7,59,12.1,3.5,39.3,1090007
Lindy Waters III,SF,1,0.058823529,17,287.3,96,16.9,5.7,37.9,159527
Wenyen Gabriel,PF,2,0.125,16,180.8,70,11.3,4.4,41.7,506530
Usman Garuba,PF,0,0,16,112,22,7,1.4,36,2353320
Miye Oni,SG,0,0,16,44.8,4,2.8,0.3,22.2,1782621
Theo Pinson,SG,0,0,16,120,28,7.5,1.8,28.1,440710
Mychal Mulder,SG,2,0.133333333,15,195,55,13,3.7,29.9,1782621
Olivier Sarr,F,2,0.133333333,15,231,66,15.4,4.4,53.1,53176
Isaac Bonga,SF,0,0,15,69,12,4.6,0.8,23.1,1669178
Daishen Nix,PG,0,0,15,156,52,10.4,3.5,50,282466
Javonte Smart,PG,1,0.066666667,15,163.5,31,10.9,2.1,23.9,265878
Lindell Wigginton,SG,0,0,15,121.5,46,8.1,3.1,46.9,1005000
Bol Bol,C,0,0,14,81.2,33,5.8,2.4,55.6,2161152
Vlatko Cancar,SF,1,0.071428571,14,152.6,60,10.9,4.3,56.4,1782621
Joe Harris,SG,14,1,14,418.6,158,29.9,11.3,45.2,17357143
Haywood Highsmith,SG,0,0,14,106.4,26,7.6,1.9,34.6,290967
Markieff Morris,PF,0,0,14,252,109,18,7.8,47.4,1669178
Abdel Nader,SF,0,0,14,145.6,33,10.4,2.4,34.3,2000000
Brandon Williams,G,8,0.571428571,14,357,204,25.5,14.6,41.2,10500000
Petr Cornelie,PF,0,0,13,37.7,14,2.9,1.1,33.3,218021
Mamadi Diakite,C,3,0.230769231,13,188.5,55,14.5,4.3,53.2,1517981
Solomon Hill,SF,1,0.076923077,13,139.1,7,10.7,0.6,15,1669178
Isaiah Livers,SF,0,0,13,214.5,62,16.5,4.8,40,1057260
Malik Fitts,PF,0,0,12,45.6,9,3.8,0.8,23.1,231062
Tim Frazier,PG,3,0.25,12,207.6,39,17.3,3.3,31.1,128963
Marcus Garrett,PG,0,0,12,128.4,13,10.7,1.1,23.8,236632
Jabari Parker,PF,0,0,12,111.6,52,9.3,4.4,47.4,1669178
Isaiah Thomas,PG,1,0.083333333,12,208.8,111,17.4,9.3,39.4,276039
Robert Woodard II,SF,0,0,12,42,7,3.5,0.6,12.5,1517981
Devontae Cacok,PF,0,0,11,92.4,39,8.4,3.6,69.2,364353
Sharife Cooper,PG,0,0,11,35.2,6,3.2,0.6,21.4,462629
Devon Dotson,PG,0,0,11,84.7,28,7.7,2.6,47.8,449115
Tacko Fall,C,1,0.090909091,11,59.4,12,5.4,1.1,41.7,653924
RJ Nembhard,PG,0,0,11,56.1,15,5.1,1.4,40,58493
Myles Powell,PG,0,0,11,51.7,13,4.7,1.2,29.4,300443
Collin Sexton,SG,11,1,11,315.7,176,28.7,16,45,6439671
Udonis Haslem,PF,0,0,10,59,28,5.9,2.8,52.2,1669178
Louis King,SF,0,0,10,104,45,10.4,4.5,31.9,49222
Greg Monroe,C,0,0,10,150,55,15,5.5,54.5,1701537
Trevelin Queen,SG,0,0,10,74,43,7.4,4.3,45.5,898310
Neemias Queta,C,0,0,10,56,21,5.6,2.1,39.1,462629
Chris Silva,PF,0,0,10,91,26,9.1,2.6,53.3,992450
Markelle Fultz,PG,0,0,9,162,80,18,8.9,45.1,16500000
Freddie Gillespie,PF,2,0.222222222,9,118.8,20,13.2,2.3,40.9,1860680
Georgios Kalaitzakis,SF,0,0,9,47.7,16,5.3,1.8,45.5,925258
Frank Kaminsky,PF,0,0,9,180.9,95,20.1,10.6,54.5,1669178
Jamorko Pickett,SF,0,0,9,89.1,18,9.9,2,29.2,462629
Michael Porter Jr.,SF,9,1,9,264.6,89,29.4,9.9,35.9,5258735
Marko Simonovic,C,0,0,9,35.1,17,3.9,1.9,26.7,925258
Cassius Stanley,SG,1,0.111111111,9,154.8,52,17.2,5.8,41.3,85578
Brodric Thomas,SG,0,0,9,44.1,12,4.9,1.4,38.5,898310
Paul Watson Jr.,SF,3,0.333333333,9,155.7,30,17.3,3.4,34.3,1573645
Quinndary Weatherspoon,SG,0,0,9,68.4,29,7.6,3.3,60,449115
Justin Anderson,SG,1,0.125,8,123.2,40,15.4,5.1,39.4,111457
Hassani Gravett,SG,3,0.375,8,171.2,50,21.4,6.3,47.4,106352
Luke Kornet,C,0,0,8,36.8,4,4.6,0.5,10,565986
Yves Pons,SG,0,0,8,28.8,4,3.6,0.6,50,426629
Nik Stauskas,SG,0,0,7,35,14,5,2.1,33.3,1308728
Joel Ayayi,SG,0,0,7,20.3,2,2.9,0.3,16.7,426629
Gabriel Deck,SF,0,0,7,56,18,8,2.6,57.1,3676852
James Ennis III,SF,0,0,7,56,28,8,4.1,45.8,386127
Langston Galloway,SG,0,0,7,107.1,14,15.3,2,23.1,386127
Justin Jackson,SF,0,0,7,35.7,14,5.1,2.1,33.3,5029650
Aaron Henry,SF,0,0,6,16.8,1,2.8,0.3,20,223338
Chandler Hutchison,SF,0,0,6,22.2,4,3.7,0.7,50,4019459
Tyler Johnson,SG,0,0,6,91.2,16,15.2,2.8,30,2029000
Dakota Mathias,SG,0,0,6,16.2,6,2.7,1,33.3,85578
Sam Merrill,SG,0,0,6,58.2,25,9.7,4.2,33.3,1517981
Xavier Moon,G,0,0,6,82.8,33,13.8,5.5,41.2,53176
Patrick Williams,PF,5,0.833333333,6,144,40,24,6.7,51.6,7422000
Ryan Arcidiacono,G,0,0,5,16,6,3.2,1.2,66.7,546800
Chaundee Brown Jr.,SG,2,0.4,5,104,31,20.8,6.2,31.3,146234
Vernon Carey Jr.,C,1,0.2,5,18,8,3.6,1.6,50,1517981
Jeff Dowtin,PG,0,0,5,31,6,6.2,1.2,42.9,53176
Kris Dunn,PG,0,0,5,123,35,24.6,7,44.1,5005350
Aleem Ford,F,0,0,5,74,14,14.8,2.8,30,53176
Carlik Jones,PG,0,0,5,23,4,4.6,0.8,11.1,53176
Tyrone Wallace,SG,0,0,5,72,17,14.4,3.4,35,198760
Cassius Winston,PG,0,0,5,27,10,5.4,2,50,449115
Jay Huff,C,0,0,4,20,0,5,0,0,225997
BJ Johnson,SF,0,0,4,65.2,26,16.3,6.5,44,1445697
George King,SF,0,0,4,19.2,1,4.8,0.3,0,77250
Brook Lopez,C,2,0.5,4,79.2,32,19.8,8,40.7,13302325
JaQuori McLaughlin,PG,0,0,4,11.2,0,2.8,0,0,220679
Victor Oladipo,SG,0,0,4,65.2,22,16.3,5.5,45,1669178
Eugene Omoruyi,SF,0,0,4,18,7,4.5,1.8,40,281831
Xavier Sneed,SF,0,0,4,19.2,3,4.8,0.8,33.3,146233
D.J. Wilson,PF,1,0.25,4,54,30,13.5,7.5,73.3,308493
Darren Collison,PG,0,0,3,36.9,3,12.3,1.3,28.6,151821
Jarron Cumberland,SG,0,0,3,12,2,4,0.7,50,53176
Cheick Diallo,PF,0,0,3,30.9,11,10.3,3.7,37.5,1573926
Wes Iwundu,SF,1,0.333333333,3,81.9,21,27.3,7.3,44.4,1824003
DaQuan Jeffries,SG,0,0,3,9,2,3,0.7,50,19804
Brandon Knight,PG,0,0,3,54.9,30,18.3,10,45,9456956
Cameron McGriff,SF,0,0,3,45.9,14,15.3,4.7,35.7,53176
Jaylen Morris,SG,0,0,3,15.9,2,5.3,0.7,0,95930
Daniel Oturu,C,0,0,3,27,9,9,3,50,1517981
Norvel Pelle,C,0,0,3,18.9,6,6.3,2,60,217845
Reggie Perry,PF,0,0,3,51,12,17,4.3,50,489148
Micah Potter,PF,0,0,3,30.9,12,10.3,4,45.5,53176
"Wayne, Selden Jr.",SG,0,0,3,18.9,5,6.3,1.7,25,785102
Deividas Sirvydis,SG,0,0,3,27,3,9,1,10,1517981
Craig Sword,G,0,0,3,18.9,6,6.3,2,75,53176
Emanuel Terry,PF,0,0,3,18,0,6,0,0,47370
Jon Teske,C,0,0,3,8.1,0,2.7,0,0,53176
Rayjon Tucker,SG,0,0,3,29.1,6,9.7,2,50,191860
Tremont Waters,PG,0,0,3,50.1,9,16.7,3.3,28.6,79568
McKinley Wright IV,PG,0,0,3,9,5,3,1.7,66.7,462629
Derrick Walton,PG,3,1,3,108,18,36,6.3,23.1,571745
Paris Bass,F,0,0,2,7,6,3.5,3,33.3,106352
Shaq Buchanan,PG,0,0,2,10,2,5,1,25,53176
Damyean Dotson,SG,0,0,2,21,4,10.5,2,50,1517363
Sekou Doumbouya,SF,0,0,2,16,14,8,7,62.5,3613680
Rob Edwards,SG,0,0,2,11,3,5.5,1.5,25,53176
Jordan Goodwin,SG,0,0,2,6,0,3,0,0,53176
Jared Harper,PG,0,0,2,10,7,5,3.5,42.9,85081
Shaquille Harrison,PG,0,0,2,23,4,11.5,2,33.3,842166
Nate Hinton,SG,0,0,2,2,0,1,0,0,449115
David Johnson,SG,0,0,2,2,0,1,0,0,462629
Mason Jones,SG,0,0,2,9,5,4.5,2.5,25,295125
Jemerrio Jones,SF,0,0,2,15,4,7.5,2,66.7,85578
Braxton Key,G,0,0,2,6,2,3,1,50,53176
Anthony Lamb,SF,0,0,2,8,0,4,0,0,215330
Scottie Lewis,SG,0,0,2,7,1,3.5,0.5,0,426629
Marcos Louzada Silva,SG,0,0,2,7,0,3.5,0,0,1786878
Emmanuel Mudiay,PG,0,0,2,11,3,5.5,1.5,0,1628573
Cameron Oliver,PF,0,0,2,43,23,21.5,11.5,66.7,43070
Jordan Schakel,SF,0,0,2,14,0,7,0,0,53176
Tre Scott,SF,0,0,2,11,6,5.5,3,50,53176
Jaden Springer,SG,0,0,2,6,2,3,1,100,2023800
Tyrell Terry,PG,0,0,2,3,2,1.5,1,100,1517981
M.J. Walker,SG,0,0,2,8,0,4,0,0,53176
Jordan Bell,PF,0,0,1,2,0,2,0,0,580062
Ahmad Caver,PG,0,0,1,1,2,1,2,100,53176
Zylan Cheatham,SF,0,0,1,5,0,5,0,0,1445697
Javin DeLaurier,PF,0,0,1,3,0,3,0,0,898310
Sam Dekker,SF,0,0,1,1,0,1,0,0,1669178
Jaime Echenique,C,0,0,1,3,0,3,0,0,53176
Tyler Hall,SG,0,0,1,2,0,2,0,0,25000
Jaylen Hoard,SF,0,0,1,2,0,2,0,0,129209
Scotty Hopson,SG,0,0,1,18,4,18,4,50,99380
DeJon Jarreau,PG,0,0,1,1,0,1,0,0,119645
Joe Johnson,SG,0,0,1,2,2,2,2,100,220000
Arnoldas Kulboka,SF,0,0,1,3,0,3,0,0,462629
Mac McClung,PG,0,0,1,3,2,3,2,100,106352
C.J. Miles,SG,0,0,1,2,0,2,0,0,151821
Matt Mooney,SG,0,0,1,2,0,2,0,0,79568
Juwan Morgan,SF,0,0,1,27,5,27,5,66.7,1517981
Ade Murkey,SG,0,0,1,1,0,1,0,0,53176
Malik Newman,SG,0,0,1,8,8,8,8,60,85578
Jaysean Paige,PG,0,0,1,7,0,7,0,0,53176
Trayvon Palmer,G,0,0,1,17,0,17,0,0,531760
Moses Wright,PF,0,0,1,1,0,1,0,0,172821
John Wall,PG,40,1,40,1288,292,32.2,7.3,40.4,44310840
Kawhi Leonard,SF,52,1,52,1773.2,462.8,34.1,8.9,51.2,39344900
Ben Simmons,PG,58,1,58,1879.2,324.8,32.4,5.6,55.7,33003936
Jamal Murray,PG,48,1,48,1704,379.2,35.5,7.9,47.7,29467800
Marcus Morris Sr.,PF,29,0.50877193,57,1504.8,273.6,26.4,4.8,47.3,15627907
T.J. Warren,SF,4,1,4,117.2,27.2,29.3,6.8,52.9,12690000
Zion Williamson,PF,61,1,61,2025.2,634.4,33.2,10.4,61.1,10733400
James Wiseman,C,27,0.692307692,39,834.6,448.5,21.4,11.5,51.9,9166800
RJ Barrett,SF,67,1,67,2324.9,462.3,34.7,6.9,40.9,8623920
Dario Saric,C,4,0.08,50,870,155,17.4,3.1,44.7,8510000
Aron Baynes,C,31,0.58490566,53,980.5,132.5,18.5,2.5,44.1,7350000
Kendrick Nunn,PG,44,0.785714286,56,1652,330.4,29.5,5.9,45.8,5000000
Dante Exum,SG,3,0.5,6,115.8,10.2,19.3,1.7,38.5,5000000
Luca Vildoza,G,14,0.518518519,27,621,294.3,23,10.9,42,3325000
Michael Carter-Williams,SG,25,0.806451613,31,799.8,105.4,25.8,3.4,38.9,3300000
Luka Samanic,PF,4,0.121212121,33,306.9,46.2,9.3,1.4,44.8,2959080
Marc Gasol,C,42,0.807692308,52,993.2,88.4,19.1,1.7,45.4,2692991
Anthony Tolliver,PF,0,0,11,99,4.4,9,0.4,23.5,2692991
Edmond Sumner,SG,24,0.452830189,53,858.6,148.4,16.2,2.8,52.5,2320000
Jahlil Okafor,C,2,0.074074074,27,348.3,62.1,12.9,2.3,61.8,2130023
Bones Hyland,PG,3,0.047619048,63,1165.5,617.4,18.5,9.8,40,2096880
Cam Thomas,SG,2,0.032258065,62,1122.2,545.6,18.1,8.8,43.4,2036280
Jontay Porter,PF,0,0,11,53.9,22,4.9,2,53.3,1950000
P.J. Dozier,SG,0,0,18,340.2,36,18.9,2,36.4,1910860
Dwayne Bacon,SG,50,0.694444444,72,1850.4,295.2,25.7,4.1,40.2,1824003
Didi Louzada,SF,0,0,3,56.1,3,18.7,1,23.1,1786878
Carsen Edwards,SG,1,0.032258065,31,275.9,46.5,8.9,1.5,42.3,1782621
Nic Claxton,C,19,0.441860465,43,885.8,163.4,20.6,3.8,67.2,1782621
Yogi Ferrell,PG,0,0,10,136,20,13.6,2,35.1,1782621
Kevin Porter Jr.,SG,23,0.884615385,26,834.6,156,32.1,6,42.5,1782621
Alen Smailagic,PF,1,0.066666667,15,84,10.5,5.6,0.7,40.7,1782621
Khyri Thomas,SG,2,0.4,5,153,66,30.6,13.2,48.5,1762796
Moritz Wagner,C,24,0.533333333,45,720,103.5,16,2.3,45.4,1729217
Paul Watson,SF,2,0.074074074,27,297,37.8,11,1.4,46.3,1701593
Charlie Brown Jr.,SG,1,0.111111111,9,152.1,12.6,16.9,1.4,30.2,1701593
Mfiondu Kabengele,PF,0,0,39,280.8,31.2,7.2,0.8,37.1,1701593
Jarrell Brantley,PF,0,0,28,137.2,25.2,4.9,0.9,48.1,1669178
E'Twaun Moore,SG,1,0.037037037,27,388.8,54,14.4,2,45.5,1669178
Caleb Homesley,G,9,0.6,15,366,139.5,24.4,9.3,40.6,1517981
Elijah Bryant,SG,0,0,1,32,16,32,16,46.2,1517981
Isaiah Todd,PF,0,0,10,41,16,4.1,1.6,29.4,1500000
Jason Preston,PG,19,0.95,20,691,127,34.6,15.7,51.4,1062303
Greg Brown III,SF,2,0.046511628,43,524.6,68.8,12.2,1.6,42.4,925258